mA,O2frac,mm,slm,Vdis,diluted,NO,NO2,HONO,number,R2
20.0,0.0196078431372549,2.0,0.5,0.552,0.0,208.80795576533333,8.901427968601112,0.12488807301774868,5.0,0.7405379920704445
20.0,0.0196078431372549,2.0,1.0,0.547,0.0,84.0028065894889,3.9680628587344438,2.241469352788667,5.0,0.881644691528889
20.0,0.0196078431372549,2.0,3.0,0.5539999999999999,0.0,54.08782833862222,3.645636160424444,3.7100603239477783,5.0,0.6783902707267777
20.0,0.0196078431372549,5.0,0.5,0.85,0.0,651.4118782933334,30.844484820222224,9.414372060973669,5.0,0.6618879761932221
20.0,0.0196078431372549,5.0,1.0,0.88,0.0,322.28085618375,6.8296617288875,1.370544239912346,4.5,0.7698340208440001
20.0,0.0196078431372549,5.0,3.0,0.875,0.0,109.42236129428888,4.089475330357778,6.350992214531695,5.0,0.9020784310007777
20.0,0.0196078431372549,5.0,5.0,0.914,0.0,61.34729647376667,2.321996813743333,4.919732055297517,4.5,0.7885455897385
20.0,0.0196078431372549,8.0,0.5,1.11,0.0,1011.0193559908889,48.20262261171112,7.458220008244556,5.0,0.951858201294
20.0,0.0196078431372549,8.0,1.0,1.11,0.0,597.1168820417499,16.3596859428375,0.534282228389779,5.0,0.92575785659125
20.0,0.0196078431372549,8.0,3.0,1.19,0.0,287.358271583875,8.389951694679999,22.102940323575,5.0,0.9006101040483749
20.0,0.0196078431372549,8.0,5.0,1.25,0.0,106.6671117713125,2.5648757912987503,3.2803064443146753e-07,4.5,0.771415608059375
20.0,0.0196078431372549,12.0,0.5,1.48,0.0,484.3833267707778,10.930595254477776,1.044502565015996e-05,5.0,0.932489515627
20.0,0.0196078431372549,12.0,1.0,1.48,0.0,567.220350445,14.05883110255,3.276990864310474e-07,5.5,0.8993900088047501
20.0,0.0196078431372549,12.0,3.0,1.63,0.0,321.0207174608888,8.978303942286667,7.791236622613634e-07,5.0,0.9315988927791109
20.0,0.0196078431372549,15.0,0.5,1.64,0.0,1895.288875648889,112.493168428,4.678976954160778e-08,5.0,0.9605538492662221
20.0,0.0196078431372549,15.0,1.0,1.72,0.0,710.4538739607777,19.423410620877775,3.8550232763584638,5.0,0.9386935154764444
20.0,0.0196078431372549,15.0,3.0,1.88,0.0,362.66646584044446,9.806395538591111,2.8604051544155555,5.0,0.930602568001778
20.0,0.09090909090909093,2.0,0.5,0.546,0.0,487.00227352655554,26.350335033222226,10.007529480765555,5.0,0.9515321951951113
20.0,0.09090909090909093,2.0,1.0,0.546,0.0,310.32816309866666,20.305890242777778,3.2908548845422225,5.0,0.9557027208913333
20.0,0.09090909090909093,2.0,3.0,0.552,0.0,105.20553105888888,4.472711093081112,2.8470159828922217,5.0,0.6945962110832222
20.0,0.09090909090909093,2.0,5.0,0.5589999999999999,0.0,34.975374451,1.12373913338,8.24637975228e-11,1.0,0.503932859513
20.0,0.09090909090909093,2.0,7.0,0.5720000000000001,0.0,50.983903426279994,2.367668131268,2.2037715628399996,3.8,0.6946295485746
20.0,0.09090909090909093,5.0,0.5,0.8290000000000001,0.0,940.909855541889,130.72606817922224,5.576007201696653,5.0,0.9833386060738888
20.0,0.09090909090909093,5.0,1.0,0.833,0.0,575.6832727633333,30.028138577955556,1.0908182257816168,5.0,0.9421381655875556
20.0,0.09090909090909093,5.0,3.0,0.87,0.0,254.37282178577777,6.958555298868888,0.4071228853964587,5.0,0.8388403612995554
20.0,0.09090909090909093,5.0,5.0,0.91,0.0,157.84048905722224,3.329539895052222,3.7806330487291495,5.0,0.7918766983014446
20.0,0.09090909090909093,5.0,7.0,0.988,0.0,109.79715085456667,2.8997484784855554,2.7052340960224956,5.0,0.827475731990111
20.0,0.09090909090909093,8.0,0.5,1.23,0.0,1342.3129642176923,228.27430637838464,22.250191789146154,7.0,0.989295016006846
20.0,0.09090909090909093,8.0,1.0,1.13,0.0,935.3510487275556,100.50387746431112,4.097981927910567e-09,5.0,0.9672485829347779
20.0,0.09090909090909093,8.0,3.0,1.21,0.0,462.8929770933333,25.608977037811112,4.030908985338889,5.0,0.937605883492778
20.0,0.09090909090909093,8.0,5.0,1.3,0.0,284.5266943043333,11.060190816422223,5.9035291767033335,5.0,0.9423064919116667
20.0,0.09090909090909093,8.0,7.0,1.39,0.0,223.17334662588894,7.573053680854445,7.111677959243333,5.0,0.9375561461611112
20.0,0.09090909090909093,12.0,0.5,1.44,0.0,2399.11772686125,848.6277860971251,140.91565701575,4.875,0.99579494631725
20.0,0.09090909090909093,12.0,1.0,1.48,0.0,1861.7570737699998,332.028968816,17.898723429455554,5.0,0.9904734244673333
20.0,0.09090909090909093,12.0,3.0,1.6,0.0,776.7907893267778,46.11990909191111,1.098931005380001e-11,5.0,0.9546213466468889
20.0,0.09090909090909093,15.0,0.5,1.64,0.0,2692.4087383344445,1054.2523470766666,238.41257424588892,5.0,0.9956206471811113
20.0,0.09090909090909093,15.0,1.0,1.68,0.0,2073.114756354444,400.01576350588886,31.284507259933335,5.0,0.9917056365045556
20.0,0.09090909090909093,15.0,3.0,1.9,0.0,904.3936363667779,53.47476990142221,2.4869318981677777,5.0,0.9573398886136667
20.0,0.2095,2.0,0.5,0.539,0.0,527.0482174195555,101.58512175422223,1.0042237561648317e-07,5.0,0.9843396062992222
20.0,0.2095,2.0,1.0,0.546,0.0,326.634813505,42.84009972312222,3.2105908541566657,5.0,0.9806431001985556
20.0,0.2095,2.0,3.0,0.54,0.0,137.18057934633336,9.523292845413332,0.3300717813040207,5.0,0.9298732384395557
20.0,0.2095,2.0,5.0,0.556,0.0,82.04801755684446,3.3139892317133337,1.4047819317952095,5.0,0.8761765689796666
20.0,0.2095,2.0,7.0,0.5760000000000001,0.0,43.06527275049999,1.16287177102,3.1565406725812417e-07,4.833333333333333,0.6051322932915001
20.0,0.2095,5.0,0.5,0.895,0.0,1138.07137371,517.6288279845556,93.28548622411112,5.0,0.9966480884174445
20.0,0.2095,5.0,1.0,0.825,0.0,700.061368539,90.28408415899999,9.39748819797,5.0,0.9847458472525555
20.0,0.2095,5.0,3.0,0.8590000000000001,0.0,346.1423207278889,15.040352450344447,7.5312601074376095,5.0,0.934684062845889
20.0,0.2095,5.0,5.0,0.884,0.0,222.9683915556667,8.014224491335556,10.059796922055162,5.0,0.8829610461467776
20.0,0.2095,5.0,7.0,0.9470000000000001,0.0,177.570059752,6.312663733403333,11.233121715380001,5.0,0.8733159789182222
20.0,0.2095,8.0,0.5,1.14,0.0,1315.7300274033332,603.3230941115556,76.49710563344443,5.0,0.9965539281432222
20.0,0.2095,8.0,1.0,1.22,0.0,1107.4445380757777,269.8594360328889,18.581216210811114,5.0,0.9934364113827778
20.0,0.2095,8.0,3.0,1.25,0.0,618.5209567767777,57.825280989055535,4.481716097166666,5.0,0.972572741105111
20.0,0.2095,8.0,5.0,1.31,0.0,381.32913353844447,19.156470352766664,6.412236143374444,5.0,0.9476705763594444
20.0,0.2095,12.0,0.5,1.44,3.0,617.2801826557499,114.768120393625,6.227591404843751,5.375,0.99001868980725
20.0,0.2095,12.0,1.0,1.48,0.0,1923.4665830744443,917.529350003,173.02762144833332,5.0,0.9964200692200001
20.0,0.2095,12.0,3.0,1.6,0.0,919.6452847993335,111.89467498822222,9.272329454809278e-08,5.0,0.9803663163201111
20.0,0.2095,15.0,0.5,1.66,3.0,736.8694233978889,178.42701255344443,1.0855011911885555e-10,5.0,0.9920835227587779
20.0,0.2095,15.0,1.0,1.72,0.0,2089.911692831111,1007.2235983777779,223.85863978844444,5.0,0.9962090001786668
20.0,0.2095,15.0,3.0,1.85,0.0,1049.7403611466668,124.11167677755556,2.6930780156266665,5.0,0.9814202457315557
20.0,0.5,8.0,0.5,1.18,0.0,1162.4119260911111,1109.94979304,153.06336505466666,5.0,0.9966335481218889
20.0,0.5,8.0,1.0,1.17,0.0,1152.6884192125,525.999451468625,38.669103122050004,5.375,0.9974436393787501
20.0,0.5,8.0,3.0,1.23,0.0,577.2865713352222,68.83624342264444,5.718435187475857e-09,5.0,0.9728053831291111
20.0,0.5,8.0,5.0,1.27,0.0,356.00221096744446,20.077956127144446,1.2242028278064803,5.0,0.9376046221171112
30.0,0.0196078431372549,2.0,0.5,0.502,0.0,272.91645669411105,10.161839618852222,1.9060555208809184e-08,5.0,0.7130602366456666
30.0,0.0196078431372549,2.0,1.0,0.49200000000000005,0.0,113.60994771911112,5.020482880468888,1.3470567441945767,5.0,0.8823150343646667
30.0,0.0196078431372549,2.0,3.0,0.513,0.0,70.53660741064444,3.820354259958888,4.869832390536668,5.0,0.8451018982163334
30.0,0.0196078431372549,5.0,0.5,0.742,0.0,843.4091239974446,36.65159114779999,1.3304501989735753e-08,5.0,0.8630754025494445
30.0,0.0196078431372549,5.0,1.0,0.762,0.0,302.50076805544444,2.6870392525032223,1.298184294221971,5.0,0.6222937900596668
30.0,0.0196078431372549,5.0,3.0,0.778,0.0,183.35354783000002,5.987729926775555,6.458896920848492,5.0,0.888014054499
30.0,0.0196078431372549,5.0,5.0,0.792,0.0,109.49994752075,2.9799151093400003,8.015810264363468,4.75,0.673394732607125
30.0,0.0196078431372549,8.0,0.5,0.99,0.0,1356.1963434577779,82.52446518318888,12.58197701485889,5.0,0.9609633052167779
30.0,0.0196078431372549,8.0,1.0,0.9890000000000001,0.0,862.507858979,25.669356911355553,0.859368258324148,5.0,0.9332501433843334
30.0,0.0196078431372549,8.0,3.0,1.04,0.0,422.51317750557143,9.465099385118572,17.084222651250002,5.0,0.926281537164
30.0,0.0196078431372549,8.0,5.0,1.1,0.0,203.66910024050003,3.904791385585,0.21502821490614113,5.375,0.8497439919119999
30.0,0.0196078431372549,8.0,7.0,1.17,0.0,175.454636324625,4.8807295670075,8.440154022585,4.875,0.9245173028318749
30.0,0.0196078431372549,12.0,0.5,1.26,0.0,659.6895897467779,11.916716336788888,1.0400502178373829e-06,5.0,0.9307338012565557
30.0,0.0196078431372549,12.0,1.0,1.28,0.0,798.7958151773333,16.171515694277772,5.277970415699144e-09,5.0,0.903010458208111
30.0,0.0196078431372549,12.0,3.0,1.38,0.0,515.7054213222223,11.376486652499999,1.3103471363060877e-06,5.0,0.9290614863951111
30.0,0.0196078431372549,12.0,5.0,1.52,0.0,268.44927150111107,6.868859538066667,2.9833592729489733e-07,5.0,0.9047359413433335
30.0,0.0196078431372549,12.0,7.0,1.59,0.0,223.31350915188887,6.702910518797777,1.735485377941778e-05,5.0,0.9307620417526665
30.0,0.0196078431372549,15.0,0.5,1.44,0.0,2303.004083831111,176.07190328511112,0.0495384160488939,5.0,0.9698046492199999
30.0,0.0196078431372549,15.0,1.0,1.48,0.0,991.675437946125,21.7448494333625,4.918130199512499,5.0,0.9349766820867501
30.0,0.0196078431372549,15.0,3.0,1.58,0.0,578.2986242082222,12.31849231902222,3.2199255956244444,5.0,0.9307194921754444
30.0,0.0196078431372549,15.0,5.0,1.71,0.0,308.04771651833335,21.0215868766,5.220111818350077e-13,5.0,0.9078570818265557
30.0,0.0196078431372549,15.0,7.0,1.87,0.0,290.87250753688886,9.181493335246666,0.09870237007433752,5.0,0.9335236114423334
30.0,0.09090909090909093,2.0,0.5,0.511,0.0,814.4149548139999,57.189924277888885,12.178649913455555,5.0,0.9643433713737779
30.0,0.09090909090909093,2.0,1.0,0.508,0.0,424.585235755,23.780959614633336,2.905190645175556,5.0,0.9534183549048889
30.0,0.09090909090909093,2.0,3.0,0.515,0.0,160.706987123,5.25265810295,2.4680312370300004,5.0,0.7883956899897778
30.0,0.09090909090909093,5.0,0.5,0.77,0.0,1339.7960088766665,276.49283691122224,17.756595089225566,5.0,0.9910121036236669
30.0,0.09090909090909093,5.0,1.0,0.768,0.0,860.2218330005556,64.20382959594444,3.7659017130772386e-08,5.0,0.959725194477
30.0,0.09090909090909093,5.0,3.0,0.7829999999999999,0.0,411.13938103099997,10.252141996368891,1.346464646868731e-09,5.0,0.8683897108674445
30.0,0.09090909090909093,5.0,5.0,0.802,0.0,314.86884304414286,7.278547204717143,8.850752611630202,5.0,0.9239132264954285
30.0,0.09090909090909093,5.0,7.0,0.846,0.0,200.0966400898889,4.540098252513333,0.9425416019935007,5.0,0.8570162459917777
30.0,0.09090909090909093,8.0,0.5,1.01,0.0,1699.8449610022224,402.88432227911113,47.73778650842222,5.0,0.9935041342685555
30.0,0.09090909090909093,8.0,1.0,1.01,0.0,1305.8217659425,165.54466304775,1.8285871352228752e-08,5.375,0.975575247606875
30.0,0.09090909090909093,8.0,3.0,1.06,0.0,793.7215516418889,38.19336500021112,3.8984715722999996,5.0,0.9444032255597777
30.0,0.09090909090909093,8.0,5.0,1.11,0.0,528.4719819663334,16.77430002617778,6.310273103864444,5.0,0.9369967405952221
30.0,0.09090909090909093,8.0,7.0,1.17,0.0,423.2453516917778,11.053794486877779,9.114763989700002,5.0,0.9320841000766664
30.0,0.09090909090909093,12.0,0.5,1.24,0.0,2742.2858157499995,1210.5187349744442,277.40677587644444,5.0,0.9953913888255556
30.0,0.09090909090909093,12.0,1.0,1.28,0.0,2346.4964543122223,523.2042292183334,50.259587898555566,5.0,0.993237368542111
30.0,0.09090909090909093,12.0,3.0,1.38,0.0,1246.0131838475,75.82585747478751,2.368556675289375e-10,5.5,0.9579665024587499
30.0,0.09090909090909093,12.0,5.0,1.51,0.0,825.015402855,29.884848207133334,1.9518545620364445,5.0,0.9436081643332221
30.0,0.09090909090909093,12.0,7.0,1.58,0.0,683.6009686257779,19.310671735611113,1.3327068044271965e-06,5.0,0.9338446598965555
30.0,0.09090909090909093,15.0,0.5,1.44,0.0,3066.3640729774997,1427.727767425,415.4524550616251,5.0,0.9946114410895001
30.0,0.09090909090909093,15.0,1.0,1.48,0.0,2628.3357827355558,659.9210578043335,87.92277893016666,5.0,0.9942639487228888
30.0,0.09090909090909093,15.0,3.0,1.61,0.0,1437.0002596499999,87.45698333975,4.263435638995,5.125,0.9619257377825
30.0,0.09090909090909093,15.0,5.0,1.71,0.0,926.6169041596667,30.28966797258889,2.1247176506914444e-10,5.0,0.9371844514986667
30.0,0.09090909090909093,15.0,7.0,1.86,0.0,776.6692614247778,21.721029744955555,3.7507010618100005,5.0,0.938261191172
30.0,0.2095,2.0,0.5,0.506,0.0,776.019067857,188.08568932822223,5.053591183332222,5.0,0.9903156030715556
30.0,0.2095,2.0,1.0,0.505,0.0,522.1572865065556,59.25429196866667,2.072047591112778,5.0,0.978533660876
30.0,0.2095,2.0,3.0,0.51,0.0,225.37743932866667,11.54738801371111,0.2750680374477266,5.0,0.9486068150941112
30.0,0.2095,2.0,5.0,0.515,0.0,136.93404877922222,4.593056308814444,0.6532109307851879,5.0,0.8626631661571111
30.0,0.2095,2.0,7.0,0.523,0.0,77.93704769185555,1.6368133342933335,2.3720629103416802e-07,5.0,0.6887256551867776
30.0,0.2095,5.0,0.5,0.76,0.0,1363.8795975366666,784.8776749424444,182.04911888400002,5.0,0.9968834368113334
30.0,0.2095,5.0,1.0,0.76,0.0,1027.1901635558888,185.88393659888885,19.452442415533334,5.0,0.9911430434384444
30.0,0.2095,5.0,3.0,0.773,0.0,588.3713735284443,31.3146091381,5.668511427828742,5.0,0.9526012647544443
30.0,0.2095,5.0,5.0,0.784,0.0,398.37319177855557,12.941890356188889,8.307799901045554,5.0,0.9367758181857777
30.0,0.2095,5.0,7.0,0.8270000000000001,0.0,325.2933748274444,9.723099563816668,13.777505790288163,5.0,0.9051214028900001
30.0,0.2095,8.0,0.5,1.01,0.0,1727.8174982255555,1036.8884463393333,213.1211107432222,5.0,0.9961984181916667
30.0,0.2095,8.0,1.0,1.05,0.0,1453.6637791066669,436.5973179906666,34.98225051092223,5.0,0.9951086119851111
30.0,0.2095,8.0,3.0,1.1,0.0,1005.1832203570001,96.02176092216668,1.6242926137078888,5.0,0.9741255606912222
30.0,0.2095,8.0,5.0,1.14,0.0,698.6467529317779,33.7154139362889,6.3726991669699995,5.0,0.9507461844535556
30.0,0.2095,8.0,7.0,1.2,0.0,548.6373762773334,18.950057310544445,10.359530381831114,5.0,0.9422368459296666
30.0,0.2095,12.0,0.5,1.32,3.0,784.7081973548889,167.07684023800002,19.87428785297778,5.0,0.9920040056263333
30.0,0.2095,12.0,1.0,1.32,0.0,2467.61336565,1538.9466933566666,455.5610582905556,5.0,0.994489443459
30.0,0.2095,12.0,3.0,1.41,0.0,1458.7859063177777,202.29162115044443,1.4673970819543174e-08,5.0,0.9845363930869999
30.0,0.2095,12.0,5.0,1.54,0.0,1017.8415937000001,67.77293466884444,2.8294449618266673,5.0,0.9632364048244444
30.0,0.2095,12.0,7.0,1.6,0.0,852.0262495233333,37.67713891136667,6.639556302347777,5.0,0.9499240470865556
30.0,0.2095,15.0,0.5,1.48,3.0,947.7698016048749,251.769053307875,0.2902540017009441,4.75,0.9934182612313751
30.0,0.2095,15.0,1.0,1.52,0.0,2633.6940022377776,1715.916649311111,565.937159686111,5.0,0.9936996631706665
30.0,0.2095,15.0,3.0,1.62,0.0,1675.4519581100003,243.15945157311114,10.642532275616666,5.0,0.9867869020454444
30.0,0.2095,15.0,5.0,1.78,0.0,1206.0560261277778,69.42343125536667,6.863082347910001,5.0,0.9590938677461112
30.0,0.2095,15.0,7.0,1.89,0.0,987.489406672,44.16102313343333,2.6289155031388273e-07,5.0,0.9460568241874445
30.0,0.5,8.0,0.5,1.07,0.0,1420.1004974525001,1837.9061191312503,496.4406974662499,5.375,0.9930988237972499
30.0,0.5,8.0,1.0,1.07,0.0,1435.4839790922222,891.2529109304446,110.62223122988888,5.0,0.9970992826168887
30.0,0.5,8.0,3.0,1.11,0.0,1027.75459692875,194.418272265,2.6910494808918172e-09,4.875,0.9898579810478749
30.0,0.5,8.0,5.0,1.12,0.0,711.719926054625,59.5095955805125,1.9248555088593245e-09,4.875,0.9630683363405002
40.0,0.0196078431372549,2.0,0.5,0.46299999999999997,0.0,300.38447330888886,10.5913492427,3.34586742601059e-07,5.0,0.7227939438545555
40.0,0.0196078431372549,2.0,1.0,0.45899999999999996,0.0,128.989880567125,4.938394592877501,0.8137727376414968,5.25,0.8676255267945001
40.0,0.0196078431372549,2.0,3.0,0.488,0.0,89.3698177626111,4.208347205298889,5.798472824315555,5.0,0.8779562953907777
40.0,0.0196078431372549,5.0,0.5,0.68,0.0,995.91678951475,48.24589555693751,5.109813270199044e-09,5.5,0.868520372925625
40.0,0.0196078431372549,5.0,1.0,0.7090000000000001,0.0,451.0408664871111,12.704009950488889,1.8296489700392917e-08,5.0,0.713450532548
40.0,0.0196078431372549,5.0,3.0,0.72,0.0,252.34104561611113,7.167877189492221,12.674348239248891,5.0,0.9262026520054444
40.0,0.0196078431372549,5.0,5.0,0.7390000000000001,0.0,134.82962129185714,2.5947362178985713,5.520498337784164,5.428571428571429,0.5539879915488573
40.0,0.0196078431372549,8.0,0.5,0.898,0.0,1418.4775656577779,96.17555269746667,12.603269505225121,5.0,0.9638044105715555
40.0,0.0196078431372549,8.0,1.0,0.91,0.0,1012.6227624356666,33.09167473493333,0.8335456339878967,5.0,0.9350714431466665
40.0,0.0196078431372549,8.0,3.0,0.9470000000000001,0.0,516.1754696756666,10.632811886312222,16.11956351216111,5.0,0.9311863272172223
40.0,0.0196078431372549,8.0,5.0,0.98,0.0,264.05264638022226,4.2902257616,0.08512412458684722,5.0,0.8553491541406666
40.0,0.0196078431372549,8.0,7.0,1.03,0.0,228.46910190977775,5.82547957267889,9.733948358403334,5.0,0.9307146272511111
40.0,0.0196078431372549,12.0,0.5,1.12,0.0,718.3952567157778,12.178194976544445,3.5230400502519544e-07,5.0,0.9304353377281112
40.0,0.0196078431372549,12.0,1.0,1.12,0.0,918.5248340857777,17.489935938644443,2.6718912490609327e-07,5.0,0.9101231906456666
40.0,0.0196078431372549,12.0,3.0,1.23,0.0,630.3145616712222,12.909992652744442,9.127632784212244e-08,5.0,0.9263451792694445
40.0,0.0196078431372549,12.0,5.0,1.33,0.0,341.8483479414444,7.2967910413688895,1.441277407986265e-08,5.0,0.890867871729
40.0,0.0196078431372549,12.0,7.0,1.39,0.0,290.7436570424445,7.193122541893334,0.2221131934158179,5.0,0.9222950967777778
40.0,0.0196078431372549,15.0,0.5,1.27,0.0,2493.841657008889,221.3652498161111,3.243595009145556,5.0,0.9748782049048891
40.0,0.0196078431372549,15.0,1.0,1.32,0.0,1184.4160703544449,23.86642366632222,5.264570640696,5.0,0.9352796963665555
40.0,0.0196078431372549,15.0,3.0,1.4,0.0,712.5028047216666,13.72873351247778,4.035909307290001,5.0,0.9356979836573333
40.0,0.0196078431372549,15.0,5.0,1.5,0.0,394.58694948966667,14.316636038044445,3.848420256985889e-11,5.0,0.8519079122048889
40.0,0.0196078431372549,15.0,7.0,1.62,0.0,372.1054470444444,9.588748206183334,7.422136710934668e-07,5.0,0.928397456320889
40.0,0.09090909090909093,2.0,0.5,0.48200000000000004,0.0,960.75543886225,86.1108736970875,16.3619336008125,4.75,0.973444802655625
40.0,0.09090909090909093,2.0,1.0,0.48,0.0,534.6326618723333,28.945624072977775,1.732318786375,5.0,0.9545974183967778
40.0,0.09090909090909093,2.0,3.0,0.486,0.0,240.8566097513333,6.719713838915555,2.0320884747433334,5.0,0.7987819731410001
40.0,0.09090909090909093,2.0,7.0,0.5,0.0,106.74962274787501,3.56344304202125,1.9053381772225002,5.0,0.606585816007125
40.0,0.09090909090909093,5.0,0.5,0.7090000000000001,0.0,1670.8277466399998,487.8980732721111,54.3623224262889,5.0,0.994550539249111
40.0,0.09090909090909093,5.0,1.0,0.7070000000000001,0.0,1086.8941022798751,98.5936936627875,0.3558107904385944,5.375,0.96968317401275
40.0,0.09090909090909093,5.0,3.0,0.727,0.0,524.5984291743333,14.975713969822221,7.331655654666241e-09,5.0,0.8862779942892223
40.0,0.09090909090909093,5.0,5.0,0.742,0.0,399.7150146755555,8.872322222363334,5.608891321216263,5.0,0.9199205897394445
40.0,0.09090909090909093,5.0,7.0,0.763,0.0,287.0995134666667,5.698513928685555,5.48039813585616,5.0,0.9112218411582221
40.0,0.09090909090909093,8.0,0.5,0.9159999999999999,0.0,1856.451712504445,499.27202302388883,73.2347744114,5.0,0.9943579738995556
40.0,0.09090909090909093,8.0,1.0,0.932,0.0,1479.0293534799998,205.17113445744445,9.924478963109998e-11,5.0,0.9797385288137779
40.0,0.09090909090909093,8.0,3.0,0.977,0.0,978.2444933943334,47.727475289433336,3.8836868901277777,5.0,0.9470972553170002
40.0,0.09090909090909093,8.0,5.0,1.02,0.0,692.7476991178888,21.6951694452,11.546133646503332,5.0,0.9423106469812222
40.0,0.09090909090909093,8.0,7.0,1.05,0.0,550.7195106494444,13.112537043844444,10.09947445614,5.0,0.9139656101683333
40.0,0.09090909090909093,12.0,0.5,1.12,0.0,2904.08144808,1374.36891627,355.32596318325,4.875,0.994908359847625
40.0,0.09090909090909093,12.0,1.0,1.16,0.0,2580.1920663522224,641.2006594586668,76.20429291832221,5.0,0.9941755624224444
40.0,0.09090909090909093,12.0,3.0,1.25,0.0,1480.1219247712497,98.4344926412,2.2985066365800626e-13,4.75,0.96239877917775
40.0,0.09090909090909093,12.0,5.0,1.34,0.0,1029.8273617822224,36.05194771572222,3.9961885986677776,5.0,0.9419458126897777
40.0,0.09090909090909093,12.0,7.0,1.41,0.0,868.4616627581113,24.620236303600002,3.4992003716520007e-09,5.0,0.9355686124042223
40.0,0.09090909090909093,15.0,0.5,1.28,0.0,3237.8734773837505,1596.99455978,510.923736251875,4.5,0.9939462567995001
40.0,0.09090909090909093,15.0,1.0,1.32,0.0,2892.04545264875,818.310331551625,134.67594896174998,4.625,0.9948163964032499
40.0,0.09090909090909093,15.0,3.0,1.44,0.0,1700.7009521088887,112.59157627844444,6.174104510205556,5.0,0.9657952426717777
40.0,0.09090909090909093,15.0,5.0,1.51,0.0,1135.8395298966666,37.914856864200004,1.783115196184e-12,5.0,0.9394156331455554
40.0,0.09090909090909093,15.0,7.0,1.64,0.0,968.434712270889,27.384423930900002,3.721881786017778,5.0,0.9378696651784446
40.0,0.2095,2.0,0.5,0.47600000000000003,0.0,983.4756915644443,313.1258100972222,28.93558643013333,5.0,0.9940569551089999
40.0,0.2095,2.0,1.0,0.479,0.0,694.7269961333334,86.23453522232222,3.2021361201322223,5.0,0.981818429863
40.0,0.2095,2.0,3.0,0.485,0.0,306.2451412426667,13.55824080951111,0.11674262739465902,5.0,0.9349122060449999
40.0,0.2095,2.0,5.0,0.488,0.0,192.86034574866665,5.83574938669,0.5679374677925528,5.0,0.8862523549008889
40.0,0.2095,2.0,7.0,0.493,0.0,120.11713308255555,2.232689721811111,9.341669356390892e-08,5.0,0.7801986337495557
40.0,0.2095,5.0,0.5,0.72,0.0,1515.1048066800001,975.1606349929999,257.11663932822216,5.0,0.9965657767482222
40.0,0.2095,5.0,1.0,0.72,0.0,1192.6153142211112,246.13537183788893,28.27514955526667,5.0,0.992729754133889
40.0,0.2095,5.0,3.0,0.721,0.0,750.788706051,45.766158322,7.516950785541151,5.125,0.959156111381625
40.0,0.2095,5.0,5.0,0.7340000000000001,0.0,538.5966878562223,19.0311109149,8.948944242098223,5.0,0.9387180136368889
40.0,0.2095,5.0,7.0,0.769,0.0,449.4320690776666,13.536919054466669,17.239830587522224,5.0,0.9174075359903333
40.0,0.2095,8.0,0.5,0.9470000000000001,0.0,1914.0345092499997,1336.9901193800001,352.1712929692223,5.0,0.9952992189971113
40.0,0.2095,8.0,1.0,0.97,0.0,1650.2788760522224,559.5883761923333,56.78927327157778,5.0,0.9957257316855556
40.0,0.2095,8.0,3.0,1.0,0.0,1230.0751222577776,128.41103168288888,2.9101077922397775e-08,5.0,0.9772854667964445
40.0,0.2095,8.0,5.0,1.04,0.0,902.6533999071112,46.216250320533334,6.940883927713332,5.0,0.9543156118405555
40.0,0.2095,8.0,7.0,1.09,0.0,730.9641833042222,26.387033355755552,11.03109857308889,5.0,0.9442810603873334
40.0,0.2095,12.0,0.5,1.2,3.0,934.3776814924445,223.99387250411112,32.85779229728889,5.0,0.9924684881043332
40.0,0.2095,12.0,1.0,1.24,0.0,2683.61001367625,1880.6942684799997,663.156954319125,4.5,0.992842943069
40.0,0.2095,12.0,3.0,1.3,0.0,1744.01857898,274.9287963996667,4.5975427105078887e-10,5.0,0.9874100094796666
40.0,0.2095,12.0,5.0,1.38,0.0,1281.1555888577777,89.84736301599999,0.6542312688348835,5.0,0.9655807707659998
40.0,0.2095,12.0,7.0,1.44,0.0,1090.1247656144444,51.16322030627778,5.809888024386666,5.0,0.9513299364944445
40.0,0.2095,15.0,0.5,1.36,3.0,995.3223827826668,266.8655964634445,1.0645937716074825,5.0,0.9933439116954444
40.0,0.2095,15.0,1.0,1.4,0.0,2863.902601096667,2116.2060087322225,825.0749630037778,5.0,0.9915824487944445
40.0,0.2095,15.0,3.0,1.48,0.0,1996.6564765822222,336.74309428466665,21.081375143911114,5.0,0.9897669138747778
40.0,0.2095,15.0,5.0,1.59,0.0,1487.89523857,101.65186810233334,7.903147188626666,5.0,0.9656837108582221
40.0,0.2095,15.0,7.0,1.68,0.0,1250.876540675,62.181536261487494,4.678597365805875e-09,5.0,0.951044319973125
40.0,0.5,8.0,0.5,0.968,0.0,1542.4408714533336,2275.848970697778,786.3956342131111,5.0,0.9901896971188889
40.0,0.5,8.0,1.0,0.97,0.0,1590.9852935000001,1108.8651270711111,175.86667998733333,5.0,0.9964662166670002
40.0,0.5,8.0,3.0,1.01,0.0,1279.8313424255555,305.7816688664445,1.1034021636504529e-10,5.0,0.9933262618041111
40.0,0.5,8.0,5.0,1.04,0.0,976.9799127932222,108.68033799422223,3.020059104809553e-08,5.0,0.9767176526560001
50.0,0.0196078431372549,2.0,0.5,0.442,0.0,314.3084683075714,10.902099434642858,8.75654944263881e-08,6.0,0.7075603447825713
50.0,0.0196078431372549,2.0,1.0,0.44299999999999995,0.0,147.5756676031111,5.14625029693,1.773210333866667,5.0,0.9195254985306666
50.0,0.0196078431372549,2.0,3.0,0.455,0.0,101.16870245354444,4.348683785393334,6.301360854293332,5.0,0.8817345915315555
50.0,0.0196078431372549,5.0,0.5,0.64,0.0,1055.5620241333334,52.466634335222224,1.3449089584946301e-08,5.0,0.8748292545891111
50.0,0.0196078431372549,5.0,1.0,0.64,0.0,464.2951010581111,13.997691176755554,8.512908282475537e-09,5.0,0.5110939012856667
50.0,0.0196078431372549,5.0,3.0,0.684,0.0,227.54510909744448,5.141262193737777,1.965478145236287,5.0,0.9177620546248888
50.0,0.0196078431372549,5.0,5.0,0.6890000000000001,0.0,160.4915938535,2.890694479515,7.688325365402638,5.0,0.55331610248825
50.0,0.0196078431372549,8.0,0.5,0.815,0.0,1417.6140867425,94.562381065175,15.638369027513752,5.25,0.96358750929225
50.0,0.0196078431372549,8.0,1.0,0.8290000000000001,0.0,1056.0772392755557,35.267605753144444,2.4294206461144614,5.0,0.9364255359305554
50.0,0.0196078431372549,8.0,3.0,0.8740000000000001,0.0,560.4382472653333,11.064905594444445,16.306232534733333,5.0,0.9315590984916666
50.0,0.0196078431372549,8.0,5.0,0.9009999999999999,0.0,315.513621829,5.2467151062466675,0.481588978269411,5.0,0.87963992906
50.0,0.0196078431372549,8.0,7.0,0.946,0.0,261.80147689822223,6.310063773137777,9.640438979265557,5.0,0.9314649505367778
50.0,0.0196078431372549,12.0,0.5,1.04,0.0,738.9815957245556,12.060688797711112,8.854138799312687e-08,5.0,0.9297138321169999
50.0,0.0196078431372549,12.0,1.0,1.04,0.0,1021.2558101088887,18.61892210637778,1.0552247647184029e-07,5.0,0.9106162828315557
50.0,0.0196078431372549,12.0,3.0,1.12,0.0,696.8536528483332,13.889774628966668,2.3779231847159627e-07,5.0,0.9280392428735555
50.0,0.0196078431372549,12.0,5.0,1.19,0.0,393.5976600434444,7.901503980371111,4.5684477539467784e-08,5.0,0.8926251142833332
50.0,0.0196078431372549,12.0,7.0,1.29,0.0,348.39764729700005,8.279767461682223,1.798206544756111,5.0,0.9296270594222223
50.0,0.0196078431372549,15.0,0.5,1.12,0.0,2521.8361644466663,233.04628189522222,5.149288169542222,5.0,0.9762012712353333
50.0,0.0196078431372549,15.0,1.0,1.19,0.0,1271.15766744625,23.835597872700003,10.52653496480875,5.25,0.92631626523625
50.0,0.0196078431372549,15.0,3.0,1.26,0.0,800.9286799698889,15.128723471477777,5.08419965559111,5.0,0.9331849031113334
50.0,0.0196078431372549,15.0,5.0,1.34,0.0,458.8180774194444,12.174232393811112,2.696600430313e-12,5.0,0.8437321745914443
50.0,0.0196078431372549,15.0,7.0,1.45,0.0,427.4947717485556,10.249722338377778,6.631690233520778e-09,5.0,0.9312814011401112
50.0,0.09090909090909093,2.0,0.5,0.45399999999999996,0.0,1119.1170332344445,121.850535237,21.469136997211113,5.0,0.9790146747784445
50.0,0.09090909090909093,2.0,1.0,0.456,0.0,658.8953697283334,36.20326217616666,1.2424749797853334,5.0,0.9551070002348888
50.0,0.09090909090909093,2.0,3.0,0.469,0.0,295.1196833615,8.369551067816248,1.9832313641727497,4.75,0.8306469961393751
50.0,0.09090909090909093,2.0,5.0,0.47200000000000003,0.0,103.42151558,1.3898446806366664,6.017869124523334e-12,4.666666666666667,0.5177124553333333
50.0,0.09090909090909093,2.0,7.0,0.48,0.0,128.45312463433334,3.8701297811955553,1.9909815991233333,5.0,0.6554314121653333
50.0,0.09090909090909093,5.0,0.5,0.664,0.0,1649.4353929255553,510.77535179144445,58.611944496044444,5.0,0.9948186307369998
50.0,0.09090909090909093,5.0,1.0,0.6659999999999999,0.0,1301.4821048222225,144.10975560000003,3.0814275662935264,5.0,0.9779498187776667
50.0,0.09090909090909093,5.0,3.0,0.6829999999999999,0.0,572.107921157875,17.03355854515,2.508180657683604e-10,5.0,0.8917132095415
50.0,0.09090909090909093,5.0,5.0,0.7020000000000001,0.0,458.86875867133335,10.938416259576668,2.555232406401639,5.0,0.9142598330918889
50.0,0.09090909090909093,5.0,7.0,0.723,0.0,335.62288861350004,5.88777044263625,7.855892290747485,5.5,0.859082309694375
50.0,0.09090909090909093,8.0,0.5,0.8690000000000001,0.0,2043.781804774445,636.9682593741112,106.51476979846667,5.0,0.995249794801111
50.0,0.09090909090909093,8.0,1.0,0.8690000000000001,0.0,1537.0845876955557,220.94489912988888,8.886517400925556e-12,5.0,0.980829312722111
50.0,0.09090909090909093,8.0,3.0,0.904,0.0,1062.7715053066668,51.56103906277778,4.029619054266667,5.0,0.9466593551827778
50.0,0.09090909090909093,8.0,5.0,0.9470000000000001,0.0,786.4358586324446,24.833601444855553,15.174689105755554,5.0,0.9441859797705556
50.0,0.09090909090909093,8.0,7.0,0.9690000000000001,0.0,629.0983181696668,15.481155584722224,10.469004372342221,5.0,0.9273763752123334
50.0,0.09090909090909093,12.0,0.5,1.0,0.0,2981.528394417778,1456.8833410044447,397.2736478092222,5.0,0.9946165507974444
50.0,0.09090909090909093,12.0,1.0,1.04,0.0,2634.1787301788886,672.9584724186666,84.53770214994444,5.0,0.9943291367620001
50.0,0.09090909090909093,12.0,3.0,1.14,0.0,1600.2504075855556,112.11223627700002,1.5630031610322222e-14,5.0,0.9650763860794446
50.0,0.09090909090909093,12.0,5.0,1.22,0.0,1140.8136942466667,39.91315004066667,5.395340829827778,5.0,0.9422138084897776
50.0,0.09090909090909093,12.0,7.0,1.28,0.0,968.2927641744445,28.383985728300004,4.589959354309844e-10,5.0,0.9364756223032222
50.0,0.09090909090909093,15.0,0.5,1.13,0.0,3166.5428741822225,1545.7478093744442,486.5588510642222,5.0,0.9941188844013333
50.0,0.09090909090909093,15.0,1.0,1.18,0.0,2988.922882491111,875.9543624197777,154.83964040688886,5.0,0.9949024261015555
50.0,0.09090909090909093,15.0,3.0,1.31,0.0,1830.17878606,129.08879383475,6.33552501794875,4.5,0.9682886115745
50.0,0.09090909090909093,15.0,5.0,1.36,0.0,1242.6108126899999,43.023883562037504,7.120300757294697e-11,5.5,0.9421722474979999
50.0,0.09090909090909093,15.0,7.0,1.47,0.0,1071.8327752455557,30.92694368795555,4.328791829008889,5.0,0.9383780996748889
50.0,0.2095,2.0,0.5,0.45799999999999996,0.0,1207.8550106988887,482.2940049467777,72.18033348946666,5.0,0.9958537395611109
50.0,0.2095,2.0,1.0,0.45799999999999996,0.0,864.376529702889,124.98780449777779,7.341172715734444,5.0,0.9856522050776666
50.0,0.2095,2.0,3.0,0.466,0.0,378.56452981266665,16.77425967792222,2.4053229530856666e-06,5.0,0.945609936239
50.0,0.2095,2.0,5.0,0.46799999999999997,0.0,242.6400479667778,6.8644898805688905,0.7746299497803333,5.0,0.9152672913915555
50.0,0.2095,2.0,7.0,0.478,0.0,154.72234024325,2.4620113497437504,2.03812751554536e-07,5.375,0.7928039030315
50.0,0.2095,5.0,0.5,0.68,0.0,1612.7210804944443,1169.5943534466667,347.0866968977778,5.0,0.9960239865221112
50.0,0.2095,5.0,1.0,0.68,0.0,1281.432358188889,291.1201522502222,35.514808925022216,5.0,0.9936540535563333
50.0,0.2095,5.0,3.0,0.6829999999999999,0.0,834.97766031525,54.87114946553749,8.047640565682375,4.875,0.9631546650612501
50.0,0.2095,5.0,5.0,0.7040000000000001,0.0,673.2186405458889,27.016769866355556,12.494075571976666,5.0,0.9438350819464445
50.0,0.2095,5.0,7.0,0.721,0.0,521.077253315,15.7084470929875,16.61204875950625,5.375,0.9324848231141248
50.0,0.2095,8.0,0.5,0.887,0.0,1992.3575607622224,1500.5410807011112,445.78174204577783,5.0,0.9946256136553332
50.0,0.2095,8.0,1.0,0.9159999999999999,0.0,1771.7558022766668,625.3443849376666,68.48383649027778,5.0,0.9959323830901111
50.0,0.2095,8.0,3.0,0.948,0.0,1340.0626376977777,148.44717022422222,2.916017400766667e-09,5.0,0.9792603109118888
50.0,0.2095,8.0,5.0,0.973,0.0,1026.6241624355557,55.72925871271111,5.8500032935111115,5.0,0.9570215149850001
50.0,0.2095,8.0,7.0,1.01,0.0,828.0972508882221,30.716211188255556,10.239769211082223,5.0,0.9448441949670001
50.0,0.2095,12.0,0.5,1.12,3.0,902.820204166125,187.223820890375,34.622433007525,5.125,0.9872357178566251
50.0,0.2095,12.0,1.0,1.12,0.0,2788.1020097988894,2061.1311759088885,787.2386887285555,5.0,0.9918484983872224
50.0,0.2095,12.0,3.0,1.2,0.0,1904.4595007355554,320.25969802566664,0.4867124209327484,5.0,0.9887464792725554
50.0,0.2095,12.0,5.0,1.28,0.0,1425.1283244966667,104.21909389055557,0.6087537157595739,5.0,0.9673907030246668
50.0,0.2095,12.0,7.0,1.33,0.0,1223.4194884899998,60.62797311203334,5.262148536624444,5.0,0.9525157354481111
50.0,0.2095,15.0,0.5,1.24,3.0,1038.8526621011113,280.5584693907778,1.8765140865968886,5.0,0.9935134536573335
50.0,0.2095,15.0,1.0,1.28,0.0,2939.8639221088893,2259.8287765422224,929.3587066685554,5.0,0.990726752238111
50.0,0.2095,15.0,3.0,1.37,0.0,2173.2787091522223,403.06434803155554,32.05787337845556,5.0,0.9913124325975554
50.0,0.2095,15.0,5.0,1.46,0.0,1645.2495436111112,123.04865930877776,10.182858941704445,5.0,0.969201963107889
50.0,0.2095,15.0,7.0,1.54,0.0,1391.2277104833333,74.79551770691111,7.255390197968888e-11,5.0,0.9543207193193334
50.0,0.5,8.0,0.5,0.927,0.0,1546.0431257433331,2310.243644838889,811.462158513111,5.0,0.9899351378416666
50.0,0.5,8.0,1.0,0.93,0.0,1681.4271329933333,1321.1539101844442,244.96074621033327,5.0,0.995623608521111
50.0,0.5,8.0,3.0,0.965,0.0,1423.7978604733332,377.47442157855556,1.0117569003772902,5.0,0.9944928207808889
50.0,0.5,8.0,5.0,0.982,0.0,1136.8814777544442,147.62026289388888,2.9224326296297262e-08,5.0,0.9816139491786667
60.0,0.0196078431372549,2.0,0.5,0.43,0.0,329.5733184933333,10.408298201788888,9.726516121578629e-09,5.0,0.6993611968352222
60.0,0.0196078431372549,2.0,1.0,0.425,0.0,153.18835554466668,5.342097688608888,1.6142471625941388,5.0,0.8415692388744445
60.0,0.0196078431372549,2.0,3.0,0.442,0.0,109.30955885142222,4.616669298663332,7.560811199424445,5.0,0.8857955068875556
60.0,0.0196078431372549,5.0,0.5,0.6,0.0,959.831778012111,46.82971968118889,3.0755098054345843e-09,5.0,0.8706623331562222
60.0,0.0196078431372549,5.0,1.0,0.6,0.0,490.7274523454445,13.882787294733333,7.474291334977167e-09,5.0,0.560527675148
60.0,0.0196078431372549,5.0,3.0,0.643,0.0,257.69671904266664,5.863654684342222,5.081500863420013,5.0,0.9201412985663333
60.0,0.0196078431372549,5.0,5.0,0.67,0.0,218.498190731,4.85836779544,24.3558752177,9.0,0.51331981164
60.0,0.0196078431372549,8.0,0.5,0.77,0.0,1411.1189027299997,96.46316008614444,11.694359739506668,5.0,0.962771230842889
60.0,0.0196078431372549,8.0,1.0,0.77,0.0,1072.1836138544445,36.86025913568889,0.5347932882508996,5.0,0.9382402738969999
60.0,0.0196078431372549,8.0,3.0,0.813,0.0,611.2246263363332,12.479542350144445,18.336395322322222,5.0,0.9345600978722222
60.0,0.0196078431372549,8.0,5.0,0.838,0.0,340.54664048822224,5.578435553319999,0.09142896944922635,5.0,0.8839558601640001
60.0,0.0196078431372549,8.0,7.0,0.875,0.0,283.0012511614444,6.855523009281111,9.603681346587777,5.0,0.932018025308889
60.0,0.0196078431372549,12.0,0.5,0.96,0.0,766.8407302447778,11.7322597005,4.887317060004729e-07,5.0,0.9256471027984444
60.0,0.0196078431372549,12.0,1.0,0.96,0.0,1052.3966884,18.924815162488887,3.852632980939119e-07,5.0,0.9119139427105557
60.0,0.0196078431372549,12.0,3.0,1.04,0.0,740.5526462708889,14.589563532133333,8.329550217208e-11,5.0,0.9274045092310002
60.0,0.0196078431372549,12.0,5.0,1.11,0.0,420.07369248611116,8.075424213071111,6.906569995428111e-10,5.0,0.8894804231163334
60.0,0.0196078431372549,12.0,7.0,1.18,0.0,391.92844508900004,9.283532897994444,4.579250838435556,5.0,0.932034779008889
60.0,0.0196078431372549,15.0,0.5,1.04,0.0,2212.6199607133335,194.69368745022223,1.3364616854423756,5.0,0.9739501396821111
60.0,0.0196078431372549,15.0,1.0,1.08,0.0,1363.56187321625,24.853042399112503,14.625434711499997,4.625,0.920362123258125
60.0,0.0196078431372549,15.0,3.0,1.16,0.0,845.4050834483332,16.192542215166664,6.641016516792222,5.0,0.9297699989126667
60.0,0.0196078431372549,15.0,5.0,1.23,0.0,502.397214139,11.254693799888889,2.2006997331922e-13,5.0,0.8436476490335555
60.0,0.0196078431372549,15.0,7.0,1.33,0.0,461.66205729488894,10.733965781133334,1.6693173586755554,5.0,0.9367394494736667
60.0,0.09090909090909093,2.0,0.5,0.44,0.0,1212.1493857866667,149.5025056898889,24.76208040498889,5.0,0.9827612114436666
60.0,0.09090909090909093,2.0,1.0,0.442,0.0,726.4374499122222,41.079082578944444,1.9367311211576665,5.0,0.9565396986884446
60.0,0.09090909090909093,2.0,3.0,0.451,0.0,310.2904373822222,8.000605940149999,0.39772143543058186,5.0,0.8862841868290002
60.0,0.09090909090909093,2.0,5.0,0.456,0.0,132.73981402322224,2.0775572695811113,3.779942168655889e-13,5.0,0.5893292033969999
60.0,0.09090909090909093,2.0,7.0,0.457,0.0,145.9366971108333,4.553141178165,1.7790303735016666,5.333333333333333,0.5647970335631667
60.0,0.09090909090909093,5.0,0.5,0.629,0.0,1721.1346905922223,572.3838055617779,71.2846279981,5.0,0.9951772087647777
60.0,0.09090909090909093,5.0,1.0,0.634,0.0,1236.7701576888892,131.41799711266668,3.3070473728497287,5.0,0.9773916669772222
60.0,0.09090909090909093,5.0,3.0,0.645,0.0,532.7825593645555,15.120484467211112,7.312495734230244e-09,5.0,0.8709054883272223
60.0,0.09090909090909093,5.0,5.0,0.667,0.0,495.316782473,11.9060993684375,2.478889536595325,5.375,0.922102511809375
60.0,0.09090909090909093,5.0,7.0,0.6859999999999999,0.0,400.002535511,8.475397911115556,18.807746801466667,5.0,0.9136925651399999
60.0,0.09090909090909093,8.0,0.5,0.8240000000000001,0.0,1879.4957290400002,544.896444447375,84.174407007225,5.5,0.9947927259889999
60.0,0.09090909090909093,8.0,1.0,0.81,0.0,1464.419904053333,207.37791810055558,1.916660278628e-11,5.0,0.9797688963514444
60.0,0.09090909090909093,8.0,3.0,0.846,0.0,1114.5021197577778,54.15357321106667,4.217336065293334,5.0,0.9469048971995557
60.0,0.09090909090909093,8.0,5.0,0.8809999999999999,0.0,830.3521176273333,26.331675659688887,13.92663156997778,5.0,0.9443196820643333
60.0,0.09090909090909093,8.0,7.0,0.91,0.0,681.8720249011111,17.4713525846,9.76326904988111,5.0,0.9353518179226666
60.0,0.09090909090909093,12.0,0.5,0.92,0.0,3142.16845602625,1618.17476027125,483.881151878375,5.375,0.9939701016376251
60.0,0.09090909090909093,12.0,1.0,0.958,0.0,2869.9276363299996,813.5797224873334,123.08217620599999,5.0,0.9948184056572222
60.0,0.09090909090909093,12.0,3.0,1.05,0.0,1671.8563476844442,118.89969821466669,6.163565632001666e-14,5.0,0.9659744616822221
60.0,0.09090909090909093,12.0,5.0,1.12,0.0,1208.0166926625002,42.702397224175,8.130813248025001,5.5,0.9430347527503751
60.0,0.09090909090909093,12.0,7.0,1.2,0.0,1035.1589926588888,31.069662536844444,1.0167936811068777e-09,5.0,0.9379274624071111
60.0,0.09090909090909093,15.0,0.5,1.04,0.0,3175.7046968922223,1575.2826321700002,506.8980585076667,5.0,0.9939789129302223
60.0,0.09090909090909093,15.0,1.0,1.04,0.0,2968.991555144444,862.5675485962222,151.60328943355557,5.0,0.9948792594354443
60.0,0.09090909090909093,15.0,3.0,1.19,0.0,1882.0571371144445,135.29509821099998,7.276725905994444,5.0,0.969322450485889
60.0,0.09090909090909093,15.0,5.0,1.24,0.0,1299.66793787625,46.008855425899995,6.601155149618499e-11,4.625,0.943439264084375
60.0,0.09090909090909093,15.0,7.0,1.34,0.0,1130.196228385,33.0419918292625,6.3390416478762495,4.875,0.94064270785075
60.0,0.2095,2.0,0.5,0.45,0.0,1291.9755729688886,627.066582332111,116.09540921566668,5.0,0.9965534829266667
60.0,0.2095,2.0,1.0,0.44799999999999995,0.0,956.2045987273333,155.18893291755555,11.471163359199998,5.0,0.9881027679687777
60.0,0.2095,2.0,3.0,0.456,0.0,449.0599761723333,21.333291441388887,1.750589090536111e-08,5.0,0.9489264499246668
60.0,0.2095,2.0,5.0,0.455,0.0,280.94444471375,8.059000179723752,0.5431175378135349,5.0,0.9128198755533751
60.0,0.2095,2.0,7.0,0.45899999999999996,0.0,190.34937983744445,3.414171220911111,2.194571303108575e-07,5.0,0.8474703779167778
60.0,0.2095,5.0,0.5,0.639,0.0,1598.872313075,1209.1799738500001,360.69215744925,5.0,0.99588689470725
60.0,0.2095,5.0,1.0,0.64,0.0,1353.0334242177778,343.65926452277773,42.638166680055555,5.0,0.9944819626964444
60.0,0.2095,5.0,3.0,0.65,0.0,861.82048024,59.74861476087777,4.708512858878575,5.0,0.9626292742473334
60.0,0.2095,5.0,5.0,0.6829999999999999,0.0,683.9955990232222,28.258146107566667,6.132462772355741,5.0,0.9382202271974445
60.0,0.2095,5.0,7.0,0.6890000000000001,0.0,580.608089617,17.938991559225002,19.24744814903375,4.5,0.939215654123875
60.0,0.2095,8.0,0.5,0.83,0.0,2023.4790235033333,1525.8297306988889,480.3028441108888,5.0,0.9945145762235555
60.0,0.2095,8.0,1.0,0.856,0.0,1838.2514975200002,686.195596314,82.36863747998888,5.0,0.9961069529474442
60.0,0.2095,8.0,3.0,0.888,0.0,1397.6688197933336,158.80864589022224,1.0347608161668889e-09,5.0,0.9799616606099999
60.0,0.2095,8.0,5.0,0.9179999999999999,0.0,1101.8043767411111,62.61816010131112,1.543217725638111,5.0,0.9580162686900001
60.0,0.2095,8.0,7.0,0.955,0.0,898.2913404374444,33.92177810588888,9.941572339813334,5.0,0.9436786301715555
60.0,0.2095,12.0,0.5,1.0,3.0,1024.0386532277778,295.93916829411114,51.899525317422224,5.0,0.9935787800433334
60.0,0.2095,12.0,1.0,1.04,0.0,2892.618890337778,2257.1728998044446,934.6734794533334,5.0,0.9906869397821111
60.0,0.2095,12.0,3.0,1.13,0.0,1998.665271572222,358.41754521922223,3.1989274876097227,5.0,0.9898465787074444
60.0,0.2095,12.0,5.0,1.19,0.0,1516.65633213,115.75331817555555,0.3437527234145594,5.0,0.9690629820197779
60.0,0.2095,12.0,7.0,1.25,0.0,1308.7821932225,66.86870951515,6.040198312691251,5.125,0.9534148072495
60.0,0.2095,15.0,0.5,1.13,3.0,1028.160620907778,265.20486059655553,2.410083345484444e-09,5.0,0.9927034487534444
60.0,0.2095,15.0,1.0,1.16,0.0,3102.9805126622223,2573.882499181111,1168.8825269344445,5.0,0.9885637592753334
60.0,0.2095,15.0,3.0,1.27,0.0,2283.276873831111,442.96910970588885,39.756808538322225,5.0,0.9919723666892223
60.0,0.2095,15.0,5.0,1.35,0.0,1737.13512256625,138.38161827762502,11.848094954962502,4.625,0.97156865345725
60.0,0.2095,15.0,7.0,1.42,0.0,1478.3469088944444,83.16511999006667,8.824558906431111e-11,5.0,0.9567518952154445
60.0,0.5,8.0,0.5,0.868,0.0,1567.5567910774998,2553.4482298825,1000.734515831,5.0,0.9878114727528751
60.0,0.5,8.0,1.0,0.8809999999999999,0.0,1745.6123487037498,1414.0156533625,286.52554831350005,4.625,0.995225157374875
60.0,0.5,8.0,3.0,0.932,0.0,1509.6860140544443,433.49801811055556,0.5955253244269411,5.0,0.9949723654482222
60.0,0.5,8.0,5.0,0.9390000000000001,0.0,1238.977470292222,179.0208667852222,1.168934826753868e-10,5.0,0.9843165458494444
70.0,0.0196078431372549,2.0,0.5,0.41600000000000004,0.0,334.06961568655555,10.704812525455555,3.1099628965083e-11,5.0,0.6022231049091111
70.0,0.0196078431372549,2.0,1.0,0.419,0.0,169.24133852788887,5.343174430938889,1.028305991214479,5.0,0.8710357214573332
70.0,0.0196078431372549,2.0,3.0,0.42200000000000004,0.0,111.56381467344444,4.27708040211,5.4392694758377775,5.0,0.8937072125348889
70.0,0.0196078431372549,5.0,0.5,0.599,0.0,892.2647357202222,40.258988482844444,6.0052207389999905,5.0,0.7864920877431111
70.0,0.0196078431372549,5.0,1.0,0.583,0.0,511.5490074858,15.180424679840002,9.631535408103425e-10,5.0,0.5155727252705999
70.0,0.0196078431372549,5.0,3.0,0.605,0.0,229.66944457244446,5.020995413831112,2.8294913634448404,5.0,0.9151303391561112
70.0,0.0196078431372549,5.0,5.0,0.638,0.0,195.7163626705,3.920383549935,14.74707348655,3.5,0.5268713330570001
70.0,0.0196078431372549,8.0,0.5,0.72,0.0,1439.3475665166666,100.87131339747778,14.67323272141,5.0,0.963804702730111
70.0,0.0196078431372549,8.0,1.0,0.733,0.0,1063.7202861777778,35.95160683138889,2.0076988760262395,5.0,0.9387679354457779
70.0,0.0196078431372549,8.0,3.0,0.77,0.0,618.408849869,12.548147363644443,18.342261005978887,5.0,0.9340134210323333
70.0,0.0196078431372549,8.0,5.0,0.792,0.0,382.902291569,6.329826619292222,0.049970380292360776,5.0,0.901530063314111
70.0,0.0196078431372549,8.0,7.0,0.823,0.0,304.4398285702222,7.4841923471111125,12.532310526194443,5.0,0.9257650155472221
70.0,0.0196078431372549,12.0,0.5,0.885,0.0,793.7878133833333,11.614603738233335,2.515051113977894e-07,5.0,0.9259298048393332
70.0,0.0196078431372549,12.0,1.0,0.919,0.0,1138.569361538889,19.36481158118889,6.050175602354356e-08,5.0,0.9089625921755555
70.0,0.0196078431372549,12.0,3.0,0.971,0.0,766.3623069464444,15.204997897255554,1.966365414895211e-07,5.0,0.9277799336475555
70.0,0.0196078431372549,12.0,5.0,1.05,0.0,446.5398631328889,8.222283310242222,3.477647037048667e-11,5.0,0.885715884348889
70.0,0.0196078431372549,12.0,7.0,1.11,0.0,416.1218465680001,9.929981793548889,7.240545642031112,5.0,0.9345177360004446
70.0,0.0196078431372549,15.0,0.5,0.96,0.0,2239.146135063333,189.1003738401111,1.1901923019793608,5.0,0.9729500001346665
70.0,0.0196078431372549,15.0,1.0,1.0,0.0,1371.6032067075,24.676176901774998,17.527046562112503,4.625,0.915163770603375
70.0,0.0196078431372549,15.0,3.0,1.08,0.0,893.2652977716666,16.591519980144444,8.43159547697889,5.0,0.9358980155242222
70.0,0.0196078431372549,15.0,5.0,1.14,0.0,532.8519726216667,11.334837087366667,1.5153425026206668e-13,5.0,0.8529794485922223
70.0,0.0196078431372549,15.0,7.0,1.24,0.0,481.6993844254445,11.1774944416,3.590335924126667,5.0,0.9377184128532223
70.0,0.09090909090909093,2.0,0.5,0.435,0.0,1352.1021634377778,200.84643440999997,35.17169605821112,5.0,0.9868098124466668
70.0,0.09090909090909093,2.0,1.0,0.435,0.0,766.7597164203333,44.720940417455566,2.9746023376788893,5.0,0.9562173605770001
70.0,0.09090909090909093,2.0,3.0,0.44299999999999995,0.0,334.2130758374444,8.283577700133334,0.33932333287325595,5.0,0.8915256699438889
70.0,0.09090909090909093,2.0,5.0,0.445,0.0,146.93618909,2.1487818163944445,3.921039137244279e-09,5.0,0.6084835903463333
70.0,0.09090909090909093,2.0,7.0,0.447,0.0,159.9315730922,4.864033269992,1.5142968856894001,3.8,0.5230093254989999
70.0,0.09090909090909093,5.0,0.5,0.603,0.0,1739.3699467155554,591.076706851111,77.50655687872222,5.0,0.9953591819623333
70.0,0.09090909090909093,5.0,1.0,0.604,0.0,1200.5217274366667,124.09743722466666,3.9028327168616435,5.0,0.9766138869448889
70.0,0.09090909090909093,5.0,3.0,0.62,0.0,663.8639644970001,22.78771395181111,3.947179593298793e-09,5.0,0.9016238054204444
70.0,0.09090909090909093,5.0,5.0,0.64,0.0,528.7973004673333,13.506530338777779,4.161209981524964,5.0,0.9172548378538887
70.0,0.09090909090909093,5.0,7.0,0.648,0.0,410.4389688884444,8.792736151362222,17.022874015744446,5.0,0.9217396708736667
70.0,0.09090909090909093,8.0,0.5,0.773,0.0,1902.7489257644443,559.4293405787779,86.9909417874,5.0,0.9949247596248889
70.0,0.09090909090909093,8.0,1.0,0.779,0.0,1400.7877883499998,183.84982204488892,3.59193407831e-11,5.0,0.9765445330821111
70.0,0.09090909090909093,8.0,3.0,0.792,0.0,1129.4616854266665,54.26452442654444,3.5759674395566665,5.0,0.9474898331162223
70.0,0.09090909090909093,8.0,5.0,0.828,0.0,858.193105459111,27.348882290444447,12.445148290055554,5.0,0.9441286963713333
70.0,0.09090909090909093,8.0,7.0,0.861,0.0,715.8308027782223,18.771253087911113,10.274238774071112,5.0,0.9369011984217779
70.0,0.09090909090909093,12.0,0.5,0.88,0.0,2788.8370109977777,1277.5602759133333,317.3548584826666,5.0,0.9952180062971112
70.0,0.09090909090909093,12.0,1.0,0.88,0.0,2853.3261138055555,798.3554898728889,119.48353443944444,5.0,0.9947815573751111
70.0,0.09090909090909093,12.0,3.0,0.9570000000000001,0.0,1705.1078735133333,123.92001730277781,5.130926483006757e-13,5.0,0.9670803521308888
70.0,0.09090909090909093,12.0,5.0,1.04,0.0,1258.9744004933334,45.0908728266,10.650001930971111,5.0,0.9435409122267777
70.0,0.09090909090909093,12.0,7.0,1.11,0.0,1080.6022060022221,33.03880605796667,8.212002690279334e-09,5.0,0.9400706596487777
70.0,0.09090909090909093,15.0,0.5,0.96,0.0,2900.360278058889,1276.6248594155556,352.7040379804445,5.0,0.9950740564242222
70.0,0.09090909090909093,15.0,1.0,1.0,0.0,2941.7211917744444,840.3012659505556,146.1630261691111,5.0,0.994889248665111
70.0,0.09090909090909093,15.0,3.0,1.09,0.0,1925.095776927778,138.71147249066667,9.805820342605557,5.0,0.9694640838212223
70.0,0.09090909090909093,15.0,5.0,1.16,0.0,1347.4808270822223,48.53421705298889,1.3776529080872222e-09,5.0,0.9445137741933333
70.0,0.09090909090909093,15.0,7.0,1.24,0.0,1168.08294305,34.41840891295555,7.8874249642733325,5.0,0.9414006281765555
70.0,0.2095,2.0,0.5,0.44299999999999995,0.0,1369.17704501,728.7208885496666,150.11482905800003,5.0,0.9967022000394442
70.0,0.2095,2.0,1.0,0.44299999999999995,0.0,1059.8673782466667,195.4114018635556,19.66977291262222,5.0,0.9901936034943335
70.0,0.2095,2.0,3.0,0.445,0.0,482.62211755000004,21.77004816394445,5.456376652809445e-10,5.0,0.9465565098045556
70.0,0.2095,2.0,5.0,0.446,0.0,320.6021972635556,9.266553876134445,1.1277646720316223,5.0,0.9338783376440001
70.0,0.2095,2.0,7.0,0.45399999999999996,0.0,223.87186182422224,4.917938265322222,1.1283346309557496e-07,5.0,0.8756306758873333
70.0,0.2095,5.0,0.5,0.621,0.0,1624.7099334777777,1275.5577900533333,398.10637196944447,5.0,0.9956410869926666
70.0,0.2095,5.0,1.0,0.602,0.0,1420.7837183911113,369.1065611417778,50.845813485899995,5.0,0.9947455486993333
70.0,0.2095,5.0,3.0,0.639,0.0,970.2480188793332,73.74948550522221,5.218693038695854,5.0,0.9667949690981111
70.0,0.2095,5.0,5.0,0.642,0.0,719.585500552,29.68908470565556,7.132593073393788,5.0,0.9427155461086666
70.0,0.2095,5.0,7.0,0.6609999999999999,0.0,619.37758865125,19.685013884775,18.397298482707498,5.5,0.9393254194695
70.0,0.2095,8.0,0.5,0.804,0.0,2076.600903811111,1562.5813026611113,522.9077214972223,5.0,0.9943661627176668
70.0,0.2095,8.0,1.0,0.809,0.0,1777.7854860022223,612.8204856228889,68.25573253442222,5.0,0.9958799865977777
70.0,0.2095,8.0,3.0,0.843,0.0,1419.14362542875,164.969728874375,3.7119261315249996e-10,5.0,0.980545580112125
70.0,0.2095,8.0,5.0,0.872,0.0,1144.6183834088888,67.15927555534444,0.17829158561285818,5.0,0.9589701057901111
70.0,0.2095,8.0,7.0,0.915,0.0,940.565240093875,36.172201564525,9.70261777139875,5.0,0.94362995846075
70.0,0.2095,12.0,0.5,0.9590000000000001,3.0,883.0530158472221,283.09814155755555,52.45507169756666,5.0,0.9938321902271111
70.0,0.2095,12.0,1.0,0.981,0.0,2954.880900658889,2382.414085908889,1031.2314499150002,5.0,0.9898802510553334
70.0,0.2095,12.0,3.0,1.05,0.0,2071.3316145299996,375.61065364999996,3.0936859306393156,5.0,0.9901465766856666
70.0,0.2095,12.0,5.0,1.11,0.0,1570.3161889455557,121.86902020355554,0.34432295934024315,5.0,0.9696781845766667
70.0,0.2095,12.0,7.0,1.16,0.0,1368.203440053333,72.27032533396668,7.201053813870001,5.0,0.9552882252199999
70.0,0.2095,15.0,0.5,1.07,3.0,1018.2241656433333,256.13050331922227,1.2067993294104446e-08,5.0,0.9922070708421111
70.0,0.2095,15.0,1.0,1.08,0.0,3039.422794006666,2436.142082323333,1067.3650658822223,5.0,0.989588240925111
70.0,0.2095,15.0,3.0,1.18,0.0,2370.9193697422215,477.4147227474445,48.04499740066667,5.0,0.9924696250746666
70.0,0.2095,15.0,5.0,1.25,0.0,1797.9546162377778,148.44675427022224,14.762458863188888,5.0,0.9730695775864445
70.0,0.2095,15.0,7.0,1.33,0.0,1546.8253354577778,89.78660018277778,2.3228191165558887e-10,5.0,0.9585513015165557
70.0,0.5,8.0,0.5,0.83,0.0,1605.3059168822222,2620.9393016411104,1047.5422104577779,5.0,0.9872301908606667
70.0,0.5,8.0,1.0,0.85,0.0,1780.1452578255555,1483.6927802755556,314.1424034133334,5.0,0.994900043413111
70.0,0.5,8.0,3.0,0.888,0.0,1579.0887268055556,466.3152252202222,3.9472070116191755,5.0,0.9952982607578887
70.0,0.5,8.0,5.0,0.9009999999999999,0.0,1316.5755077400001,202.858491532875,2.760730618550984e-08,4.75,0.9860469417879999
